{"Id":"padekgcemlokbadohgkifijomclgjgif","Name":"Proxy SwitchyOmega","DownloadUrl":null,"IconUrl":"https://lh3.googleusercontent.com/Ar6pRol9XdP7QSJdQPlWUngT111eg-HCjcavM7DVg3UUIuICRhvL6_v0UcIaNt3xLuBsP0_EUww2RftpnWzYgv_MFA=w50-h50-e365-rj-sc0x00ffffff","LargeIconUrl":"https://lh3.googleusercontent.com/qGKnFHLf2PYVC5Nrcdnf5dY8pMW23wR9Rm9SchU2bVolyhQsm01evKCyM3ZAKVsMAfN58PizvnTirCM8lqyPLn4okiU=w700-h280-e365-rj-sc0x00ffffff","Desciption":"Manage and switch between multiple proxies quickly & easily.","FolderName":null,"ExtensionFullPath":"C:\\Users\\ngoch\\AppData\\Local\\Temp\\GPMLogin\\ext_padekgcemlokbadohgkifijomclgjgif","Version":"2.5.21","HaveKey":false}