{"Id":"lmjegmlicamnimmfhcmpkclmigmmcbeh","Name":"Application Launcher For Drive (by Google)","DownloadUrl":null,"IconUrl":"C:\\Users\\ngoch\\AppData\\Local\\Temp\\GPMLogin\\uploaded_ISDNtvdGZ4-25092024_hWL7X\\Default\\Extensions\\lmjegmlicamnimmfhcmpkclmigmmcbeh\\3.10_0\\images/drive-sync16.png","LargeIconUrl":null,"Desciption":null,"FolderName":"lmjegmlicamnimmfhcmpkclmigmmcbeh","ExtensionFullPath":"C:\\Users\\ngoch\\AppData\\Local\\Temp\\GPMLogin\\uploaded_ISDNtvdGZ4-25092024_hWL7X\\Default\\Extensions\\lmjegmlicamnimmfhcmpkclmigmmcbeh\\3.10_0","Version":"3.10","HaveKey":true}