[{"Id":"padekgcemlokbadohgkifijomclgjgif","Name":"Proxy SwitchyOmega","DownloadUrl":null,"IconUrl":"C:\\Users\\ngoch\\AppData\\Local\\Temp\\GPMLogin\\ISDNtvdGZ4-25092024_C3JiF\\Default\\GPMBrowserExtenions\\padekgcemlokbadohgkifijomclgjgif\\img/icons/omega-action-32.png","LargeIconUrl":null,"Desciption":null,"FolderName":"padekgcemlokbadohgkifijomclgjgif","ExtensionFullPath":"C:\\Users\\ngoch\\AppData\\Local\\Temp\\GPMLogin\\ISDNtvdGZ4-25092024_C3JiF\\Default\\GPMBrowserExtenions\\padekgcemlokbadohgkifijomclgjgif","Version":"2.5.21","HaveKey":true},{"Id":"lmjegmlicamnimmfhcmpkclmigmmcbeh","Name":"Application Launcher For Drive (by Google)","DownloadUrl":null,"IconUrl":"C:\\Users\\ngoch\\AppData\\Local\\Temp\\GPMLogin\\ISDNtvdGZ4-25092024_C3JiF\\Default\\Extensions\\lmjegmlicamnimmfhcmpkclmigmmcbeh\\3.10_0\\images/drive-sync16.png","LargeIconUrl":null,"Desciption":null,"FolderName":"lmjegmlicamnimmfhcmpkclmigmmcbeh","ExtensionFullPath":"C:\\Users\\ngoch\\AppData\\Local\\Temp\\GPMLogin\\ISDNtvdGZ4-25092024_C3JiF\\Default\\Extensions\\lmjegmlicamnimmfhcmpkclmigmmcbeh\\3.10_0","Version":"3.10","HaveKey":true}]